DWH_SK,DWH_BATCH_DATETIME,DWH_BATCH_DATE,ID,TITLE,DESCRIPTION,PRICE,STOCK,RATING,RATING_COUNT,SALES_COUNT,PRODUCT_WEIGHT,PRODUCT_HEIGHT,PRODUCT_WIDTH,PRODUCT_LENGTH,PACKAGE_WEIGHT,PACKAGE_HEIGHT,PACKAGE_WIDTH,PACKAGE_LENGTH,WARRANTY_MONTHS,CREATED_DATE,UPDATED_DATE,GENERATED_DATETIME,GENERATED_DATE,IS_ACTIVE,BRAND_ID,CATEGORY_ID,DWH_IS_LATEST,DWH_EFFECTIVE_FROM,DWH_EFFECTIVE_TO
5370221324663263974,2025-10-02 17:03:02,2025-10-02,126,Devolved next generation database,major,4096.000,199,4.190,49,384,,,,,,,,,,2025-10-02 13:16:44.313378,2025-10-02 13:16:44.313378,2024-01-10 21:58:14,2024-01-10,true,1,1,1,0001-01-01 00:00:00,3000-01-01 00:00:00
6574822789414369966,2025-10-02 17:03:02,2025-10-02,115,Reduced well-modulated neural-net,government,2925.000,32,4.380,581,986,,,,,,,,,,2025-10-02 13:16:44.216481,2025-10-02 13:16:44.216481,2023-02-18 20:46:40,2023-02-18,true,1,1,1,0001-01-01 00:00:00,3000-01-01 00:00:00
3211951028777493445,2025-10-02 17:03:02,2025-10-02,122,Self-enabling object-oriented productivity,simply,3769.000,183,0.280,751,475,,,,,,,,,,2025-10-02 13:16:44.282893,2025-10-02 13:16:44.282893,2024-04-16 03:50:25,2024-04-16,true,18,18,1,0001-01-01 00:00:00,3000-01-01 00:00:00
8210944523213090867,2025-10-02 17:03:02,2025-10-02,133,Business-focused explicit focus group,all,2928.000,101,1.460,85,587,,,,,,,,,,2025-10-02 13:16:44.374216,2025-10-02 13:16:44.374216,2025-12-28 23:37:34,2025-12-28,true,18,18,1,0001-01-01 00:00:00,3000-01-01 00:00:00
9078757347415347078,2025-10-02 17:03:02,2025-10-02,1,Laptop ultra 2000,A very fast laptop. add desc sometime,1400.000,190,0.000,1,0,5.000,30.000,30.000,30.000,10.000,10.000,10.000,10.000,2,2025-09-09 14:08:21.415403,2025-09-26 13:25:37.118336,2025-01-01 10:10:10,2025-01-01,true,1,1,1,0001-01-01 00:00:00,3000-01-01 00:00:00
14228617507951931779,2025-10-02 17:03:02,2025-10-02,132,Inverse regional installation,investment,375.000,12,3.920,619,306,,,,,,,,,,2025-10-02 13:16:44.368089,2025-10-02 13:16:44.368089,2024-04-08 08:47:23,2024-04-08,true,17,17,1,0001-01-01 00:00:00,3000-01-01 00:00:00
9313319665246054251,2025-10-02 17:03:02,2025-10-02,125,Managed 5thgeneration workforce,smile,430.000,194,2.780,136,412,,,,,,,,,,2025-10-02 13:16:44.311192,2025-10-02 13:16:44.311192,2025-06-20 09:59:43,2025-06-20,true,21,21,1,0001-01-01 00:00:00,3000-01-01 00:00:00
3972807228689163009,2025-10-02 17:03:02,2025-10-02,127,Mandatory full-range data-warehouse,real,1945.000,86,4.000,425,985,,,,,,,,,,2025-10-02 13:16:44.326362,2025-10-02 13:16:44.326362,2023-08-07 13:53:33,2023-08-07,true,12,12,1,0001-01-01 00:00:00,3000-01-01 00:00:00
14539218888945031287,2025-10-02 17:03:02,2025-10-02,131,Persevering optimizing capability,explain,2841.000,12,4.730,393,534,,,,,,,,,,2025-10-02 13:16:44.358238,2025-10-02 13:16:44.358238,2025-07-04 04:44:41,2025-07-04,true,16,16,1,0001-01-01 00:00:00,3000-01-01 00:00:00
17066119055611591470,2025-10-02 17:03:02,2025-10-02,124,Extended scalable moderator,outside,3288.000,210,2.280,267,988,,,,,,,,,,2025-10-02 13:16:44.301085,2025-10-02 13:16:44.301085,2023-07-06 08:57:47,2023-07-06,true,20,20,1,0001-01-01 00:00:00,3000-01-01 00:00:00
13653411428518389617,2025-10-02 17:03:02,2025-10-02,117,Polarized high-level firmware,improve,3520.000,114,3.660,394,815,,,,,,,,,,2025-10-02 13:16:44.238959,2025-10-02 13:16:44.238959,2025-08-08 01:56:49,2025-08-08,true,13,13,1,0001-01-01 00:00:00,3000-01-01 00:00:00
16702368058215399900,2025-10-02 17:03:02,2025-10-02,118,Persistent mobile moderator,condition,481.000,168,2.170,824,87,,,,,,,,,,2025-10-02 13:16:44.248088,2025-10-02 13:16:44.248088,2024-04-07 03:32:34,2024-04-07,true,14,14,1,0001-01-01 00:00:00,3000-01-01 00:00:00
7422641753155687771,2025-10-02 17:03:02,2025-10-02,128,User-friendly transitional complexity,along,1642.000,206,3.410,184,98,,,,,,,,,,2025-10-02 13:16:44.326362,2025-10-02 13:16:44.326362,2024-03-29 04:35:37,2024-03-29,true,13,13,1,0001-01-01 00:00:00,3000-01-01 00:00:00
10685321947468374249,2025-10-02 17:03:02,2025-10-02,134,Grass-roots bifurcated methodology,into,4139.000,197,1.540,795,286,,,,,,,,,,2025-10-02 13:16:44.385613,2025-10-02 13:16:44.385613,2023-08-17 13:36:21,2023-08-17,true,19,19,1,0001-01-01 00:00:00,3000-01-01 00:00:00
10432885166165742778,2025-10-02 17:03:02,2025-10-02,123,Exclusive zero administration structure,live,1164.000,23,3.210,240,529,,,,,,,,,,2025-10-02 13:16:44.292369,2025-10-02 13:16:44.292369,2025-09-09 20:31:28,2025-09-09,true,19,19,1,0001-01-01 00:00:00,3000-01-01 00:00:00
16073177476493397540,2025-10-02 17:03:02,2025-10-02,116,Ergonomic disintermediate matrices,Mrs,1011.000,122,4.800,282,194,,,,,,,,,,2025-10-02 13:16:44.228939,2025-10-02 13:16:44.228939,2023-10-16 12:04:47,2023-10-16,true,12,12,1,0001-01-01 00:00:00,3000-01-01 00:00:00
1081501224283577007,2025-10-02 17:03:02,2025-10-02,120,Persistent empowering knowledge user,million,4333.000,35,0.000,818,181,,,,,,,,,,2025-10-02 13:16:44.266105,2025-10-02 13:16:44.266105,2024-10-05 11:48:13,2024-10-05,true,16,16,1,0001-01-01 00:00:00,3000-01-01 00:00:00
1618959572863714443,2025-10-02 17:03:02,2025-10-02,130,Advanced national superstructure,expert,2324.000,214,4.630,407,843,,,,,,,,,,2025-10-02 13:16:44.351897,2025-10-02 13:16:44.351897,2023-11-10 06:24:19,2023-11-10,true,15,15,1,0001-01-01 00:00:00,3000-01-01 00:00:00
13565395859282060734,2025-10-02 17:03:02,2025-10-02,119,Total needs-based structure,relationship,3414.000,64,3.110,605,188,,,,,,,,,,2025-10-02 13:16:44.256726,2025-10-02 13:16:44.256726,2023-03-13 16:06:35,2023-03-13,true,15,15,1,0001-01-01 00:00:00,3000-01-01 00:00:00
5437165174005092930,2025-10-02 17:03:02,2025-10-02,121,Customizable motivating intranet,last,1581.000,3,2.610,794,384,,,,,,,,,,2025-10-02 13:16:44.274005,2025-10-02 13:16:44.274005,2025-05-30 17:27:15,2025-05-30,true,17,17,1,0001-01-01 00:00:00,3000-01-01 00:00:00
12736669246166367149,2025-10-02 17:03:02,2025-10-02,129,Implemented motivating array,thank,1884.000,106,1.220,291,869,,,,,,,,,,2025-10-02 13:16:44.342756,2025-10-02 13:16:44.342756,2025-09-20 20:34:33,2025-09-20,true,14,14,1,0001-01-01 00:00:00,3000-01-01 00:00:00
